<Exercise id="1">
  <name>123</name>
  <publicDescription>&lt;div&gt;Test &amp;Ouml;ffentliche Aufgabenbeschreibung&lt;/div&gt;</publicDescription>
  <details style="border-radius: 5px; display: inline-block; max-width: 100%; width: 100%;">
    <summary style="cursor: pointer; font-size: 16px; display: inline-block; padding: 10px 15px; background-color: #ccc; border-radius: 5px;">Toggle Code</summary>
    <div style="background-color: #f0f0f0; border-radius: 5px; margin-top: 5px; padding: 10px; max-width: 100%; max-height: 50vh; width: fit-content; overflow: auto;">
<div class="highlight" style="background: #f0f0f0"><table class="highlighttable"><tr><td class="linenos"><div class="linenodiv"><pre style="line-height: 125%;">
<span style="color: #666666; background-color: transparent; padding-left: 5px; padding-right: 5px;"> 1</span>
<span style="color: #666666; background-color: transparent; padding-left: 5px; padding-right: 5px;"> 2</span>
<span style="color: #666666; background-color: transparent; padding-left: 5px; padding-right: 5px;"> 3</span>
<span style="color: #666666; background-color: transparent; padding-left: 5px; padding-right: 5px;"> 4</span>
<span style="color: #666666; background-color: transparent; padding-left: 5px; padding-right: 5px;"> 5</span>
<span style="color: #666666; background-color: transparent; padding-left: 5px; padding-right: 5px;"> 6</span>
<span style="color: #666666; background-color: transparent; padding-left: 5px; padding-right: 5px;"> 7</span>
<span style="color: #666666; background-color: transparent; padding-left: 5px; padding-right: 5px;"> 8</span>
<span style="color: #666666; background-color: transparent; padding-left: 5px; padding-right: 5px;"> 9</span>
<span style="color: #666666; background-color: transparent; padding-left: 5px; padding-right: 5px;">10</span>
<span style="color: #666666; background-color: transparent; padding-left: 5px; padding-right: 5px;">11</span>
<span style="color: #666666; background-color: transparent; padding-left: 5px; padding-right: 5px;">12</span>
<span style="color: #666666; background-color: transparent; padding-left: 5px; padding-right: 5px;">13</span>
<span style="color: #666666; background-color: transparent; padding-left: 5px; padding-right: 5px;">14</span>
<span style="color: #666666; background-color: transparent; padding-left: 5px; padding-right: 5px;">15</span>
<span style="color: #666666; background-color: transparent; padding-left: 5px; padding-right: 5px;">16</span>
<span style="color: #666666; background-color: transparent; padding-left: 5px; padding-right: 5px;">17</span>
<span style="color: #666666; background-color: transparent; padding-left: 5px; padding-right: 5px;">18</span>
<span style="color: #666666; background-color: transparent; padding-left: 5px; padding-right: 5px;">19</span>
<span style="color: #666666; background-color: transparent; padding-left: 5px; padding-right: 5px;">20</span>
<span style="color: #666666; background-color: transparent; padding-left: 5px; padding-right: 5px;">21</span>
<span style="color: #666666; background-color: transparent; padding-left: 5px; padding-right: 5px;">22</span>
<span style="color: #666666; background-color: transparent; padding-left: 5px; padding-right: 5px;">23</span>
<span style="color: #666666; background-color: transparent; padding-left: 5px; padding-right: 5px;">24</span>
<span style="color: #666666; background-color: transparent; padding-left: 5px; padding-right: 5px;">25</span>
<span style="color: #666666; background-color: transparent; padding-left: 5px; padding-right: 5px;">26</span>
<span style="color: #666666; background-color: transparent; padding-left: 5px; padding-right: 5px;">27</span>
<span style="color: #666666; background-color: transparent; padding-left: 5px; padding-right: 5px;">28</span>
<span style="color: #666666; background-color: transparent; padding-left: 5px; padding-right: 5px;">29</span></pre></div></td><td class="code"><div><pre style="line-height: 125%;"><span></span><span style="color: #007020; font-weight: bold">def</span> <span style="color: #06287e">bin_packing_worst_fit_var_capa</span>(bin_capacities, elements):
  is_packing_possible <span style="color: #666666">=</span> <span style="color: #007020; font-weight: bold">True</span>
  max_capacity <span style="color: #666666">=</span> <span style="color: #007020">max</span>(bin_capacities)
  m <span style="color: #666666">=</span> <span style="color: #007020">len</span>(bin_capacities)
  n <span style="color: #666666">=</span> <span style="color: #007020">len</span>(elements)
  bins <span style="color: #666666">=</span> [[] <span style="color: #007020; font-weight: bold">for</span> _ <span style="color: #007020; font-weight: bold">in</span> <span style="color: #007020">range</span>(m)]
  bins_in_use <span style="color: #666666">=</span> [i <span style="color: #007020; font-weight: bold">for</span> i <span style="color: #007020; font-weight: bold">in</span> <span style="color: #007020">range</span>(m)]
  bins_packed_after_failure <span style="color: #666666">=</span> [[] <span style="color: #007020; font-weight: bold">for</span> _ <span style="color: #007020; font-weight: bold">in</span> <span style="color: #007020">range</span>(m)]
  <span style="color: #007020; font-weight: bold">for</span> elem <span style="color: #007020; font-weight: bold">in</span> elements:
    <span style="color: #60a0b0; font-style: italic"># search for bin in use where it fits worst</span>
    worst_bin <span style="color: #666666">=</span> <span style="color: #666666">-</span><span style="color: #40a070">1</span>
    worst_remaining_capacity <span style="color: #666666">=</span> <span style="color: #666666">-</span><span style="color: #40a070">1</span>
    <span style="color: #007020; font-weight: bold">for</span> i <span style="color: #007020; font-weight: bold">in</span> <span style="color: #007020">range</span>(<span style="color: #007020">len</span>(bins_in_use)):
      remaining_capacity <span style="color: #666666">=</span> bin_capacities[bins_in_use[i]
                                          ] <span style="color: #666666">-</span> (<span style="color: #007020">sum</span>(bins[bins_in_use[i]]) <span style="color: #666666">+</span> elem)
      <span style="color: #007020; font-weight: bold">if</span> remaining_capacity <span style="color: #666666">&gt;=</span> <span style="color: #40a070">0</span> <span style="color: #007020; font-weight: bold">and</span> remaining_capacity <span style="color: #666666">&gt;</span> worst_remaining_capacity:
        worst_bin <span style="color: #666666">=</span> bins_in_use[i]
        worst_remaining_capacity <span style="color: #666666">=</span> remaining_capacity
    <span style="color: #60a0b0; font-style: italic"># found?</span>
    <span style="color: #007020; font-weight: bold">if</span> worst_bin <span style="color: #666666">!=</span> <span style="color: #666666">-</span><span style="color: #40a070">1</span>:
      bins[worst_bin] <span style="color: #666666">+=</span> [elem]
      <span style="color: #007020; font-weight: bold">if</span> <span style="color: #007020; font-weight: bold">not</span> is_packing_possible:
        bins_packed_after_failure[worst_bin] <span style="color: #666666">+=</span> [elem]
      <span style="color: #60a0b0; font-style: italic"># is this bin full now?</span>
      <span style="color: #007020; font-weight: bold">if</span> worst_remaining_capacity <span style="color: #666666">==</span> <span style="color: #40a070">0</span>:
        bins_in_use<span style="color: #666666">.</span>remove(worst_bin)
    <span style="color: #007020; font-weight: bold">else</span>:
      is_packing_possible <span style="color: #666666">=</span> <span style="color: #007020; font-weight: bold">False</span>
  <span style="color: #007020; font-weight: bold">return</span> is_packing_possible, bins, bins_packed_after_failure
</pre></div></td></tr></table></div>
    </div>
</details>
  <internalNotes>Dies ist eine Interne Aufgabenbeschreibung</internalNotes>
  <language>de</language>
  <difficulty>0</difficulty>
  <tags id="2" />
  <resources id="3" />
  <stages id="4">
    <FillInStage id="5">
      <internalName>#1</internalName>
      <externalName>Teilaufgabe 1</externalName>
      <feedbackRules id="6" />
      <defaultTransition id="7">
        <conditionExpression id="8">
          <domain>MATH</domain>
        </conditionExpression>
        <stageExpression id="9">
          <domain>MATH</domain>
        </stageExpression>
        <type>NEXT_OR_END</type>
        <extraWeight>0</extraWeight>
      </defaultTransition>
      <skipTransitions id="10" />
      <stageTransitions id="11" />
      <hints id="12" />
      <variableUpdatesOnEnter id="13" />
      <variableUpdatesBeforeCheck id="14" />
      <variableUpdatesAfterCheck id="15" />
      <variableUpdatesOnNormalExit id="16" />
      <variableUpdatesOnRepeat id="17" />
      <variableUpdatesOnSkip id="18" />
      <weight>1</weight>
      <orderIndex>0</orderIndex>
      <allowSkip>false</allowSkip>
      <resources id="19" />
      <fillInFields id="20" />
      <dropDownFields id="21" />
      <kekuleFields id="22" />
      <formulaEditorPalette>INVISIBLE_MATH</formulaEditorPalette>
      <correctAnswerRules id="23" />
      <defaultResult>0</defaultResult>
      <kekuleEditorConfigurations id="24">
        <configs id="25">
          <kekuleConfiguration id="26">
            <name>commonToolButtons</name>
            <selectedOption id="27">
              <name>default</name>
              <value />
            </selectedOption>
          </kekuleConfiguration>
          <kekuleConfiguration id="28">
            <name>chemToolButtons</name>
            <selectedOption id="29">
              <name>default</name>
              <value />
            </selectedOption>
          </kekuleConfiguration>
          <kekuleConfiguration id="30">
            <name>allowedObjModifierCategories</name>
            <selectedOption id="31">
              <name>default</name>
              <value />
            </selectedOption>
          </kekuleConfiguration>
          <kekuleConfiguration id="32">
            <name>availableBondForms</name>
            <selectedOption id="33">
              <name>default</name>
              <value />
            </selectedOption>
          </kekuleConfiguration>
          <kekuleConfiguration id="34">
            <name>availableNonAtomTypes</name>
            <selectedOption id="35">
              <name>default</name>
              <value />
            </selectedOption>
          </kekuleConfiguration>
          <kekuleConfiguration id="36">
            <name>defHydrogenDisplayLevel</name>
            <selectedOption id="37">
              <name>default</name>
              <value />
            </selectedOption>
          </kekuleConfiguration>
        </configs>
      </kekuleEditorConfigurations>
    </FillInStage>
  </stages>
  <startStage class="FillInStage" reference="5" />
  <variableDeclarations id="38"><VariableDeclaration id="39">
  <name>index_question_1</name>
  <initializationCode id="40">
    <code>randomIntegerBetween(0, 25)</code>
    <domain>MATH</domain>
  </initializationCode>
</VariableDeclaration><VariableDeclaration id="41">
  <name>arrays_question_1</name>
  <initializationCode id="42">
    <code>list(&apos;[1, 3, 5, 11, 12, 15, 16, 19]&apos;, &apos;[2, 3, 4, 5, 9, 11, 14, 15, 19]&apos;, &apos;[5, 6, 7, 8, 11, 12, 16]&apos;, &apos;[2, 8, 10, 12, 14, 16, 17, 19]&apos;, &apos;[1, 6, 7, 13, 14, 18, 19]&apos;, &apos;[2, 3, 6, 11, 13, 16, 19]&apos;, &apos;[3, 7, 9, 14, 15, 17, 18]&apos;, &apos;[2, 3, 7, 8, 9, 12, 15, 16, 19]&apos;, &apos;[1, 2, 6, 9, 10, 11, 12, 14, 17]&apos;, &apos;[1, 2, 4, 5, 11, 15, 18, 19]&apos;, &apos;[1, 4, 6, 9, 10, 15, 19]&apos;, &apos;[2, 4, 9, 12, 13, 15, 18]&apos;, &apos;[3, 4, 5, 7, 11, 13, 14, 16, 19]&apos;, &apos;[1, 4, 5, 7, 11, 13, 14, 15, 17]&apos;, &apos;[1, 2, 5, 6, 10, 11, 14, 17, 19]&apos;, &apos;[1, 5, 6, 11, 15, 17, 18]&apos;, &apos;[6, 9, 10, 11, 13, 14, 17, 18]&apos;, &apos;[1, 2, 8, 9, 16, 17, 18]&apos;, &apos;[1, 2, 4, 7, 8, 9, 10, 16, 17]&apos;, &apos;[1, 6, 9, 11, 14, 16, 17, 19]&apos;, &apos;[2, 3, 4, 9, 14, 16, 17, 18, 19]&apos;, &apos;[2, 6, 8, 10, 16, 18, 19]&apos;, &apos;[3, 4, 7, 8, 11, 12, 15, 18, 19]&apos;, &apos;[6, 8, 10, 11, 13, 14, 15]&apos;, &apos;[4, 6, 9, 12, 14, 18, 19]&apos;)</code>
    <domain>MATH</domain>
  </initializationCode>
</VariableDeclaration><VariableDeclaration id="43">
  <name>array_question_1</name>
  <initializationCode id="44">
    <code>getFromList([var=index_question_1],[var=arrays_question_1])</code>
    <domain>MATH</domain>
  </initializationCode>
</VariableDeclaration><VariableDeclaration id="45">
  <name>ks_question_1</name>
  <initializationCode id="46">
    <code>list(&apos;5&apos;, &apos;5&apos;, &apos;7&apos;, &apos;8&apos;, &apos;13&apos;, &apos;19&apos;, &apos;17&apos;, &apos;15&apos;, &apos;11&apos;, &apos;11&apos;, &apos;1&apos;, &apos;13&apos;, &apos;3&apos;, &apos;13&apos;, &apos;2&apos;, &apos;6&apos;, &apos;17&apos;, &apos;8&apos;, &apos;9&apos;, &apos;11&apos;, &apos;16&apos;, &apos;8&apos;, &apos;12&apos;, &apos;10&apos;, &apos;12&apos;)</code>
    <domain>MATH</domain>
  </initializationCode>
</VariableDeclaration><VariableDeclaration id="47">
  <name>k_question_1</name>
  <initializationCode id="48">
    <code>getFromList([var=index_question_1],[var=ks_question_1])</code>
    <domain>MATH</domain>
  </initializationCode>
</VariableDeclaration><VariableDeclaration id="49">
  <name>first_mids_question_1</name>
  <initializationCode id="50">
    <code>list(&apos;3&apos;, &apos;4&apos;, &apos;3&apos;, &apos;3&apos;, &apos;3&apos;, &apos;3&apos;, &apos;3&apos;, &apos;4&apos;, &apos;4&apos;, &apos;3&apos;, &apos;3&apos;, &apos;3&apos;, &apos;4&apos;, &apos;4&apos;, &apos;4&apos;, &apos;3&apos;, &apos;3&apos;, &apos;3&apos;, &apos;4&apos;, &apos;3&apos;, &apos;4&apos;, &apos;3&apos;, &apos;4&apos;, &apos;3&apos;, &apos;3&apos;)</code>
    <domain>MATH</domain>
  </initializationCode>
</VariableDeclaration><VariableDeclaration id="51">
  <name>first_mid_question_1</name>
  <initializationCode id="52">
    <code>getFromList([var=index_question_1],[var=first_mids_question_1])</code>
    <domain>MATH</domain>
  </initializationCode>
</VariableDeclaration><VariableDeclaration id="53">
  <name>second_mids_question_1</name>
  <initializationCode id="54">
    <code>list(&apos;1&apos;, &apos;1&apos;, &apos;1&apos;, &apos;1&apos;, &apos;&apos;, &apos;5&apos;, &apos;5&apos;, &apos;6&apos;, &apos;6&apos;, &apos;5&apos;, &apos;1&apos;, &apos;5&apos;, &apos;1&apos;, &apos;6&apos;, &apos;1&apos;, &apos;1&apos;, &apos;5&apos;, &apos;1&apos;, &apos;6&apos;, &apos;&apos;, &apos;6&apos;, &apos;1&apos;, &apos;6&apos;, &apos;1&apos;, &apos;&apos;)</code>
    <domain>MATH</domain>
  </initializationCode>
</VariableDeclaration><VariableDeclaration id="55">
  <name>second_mid_question_1</name>
  <initializationCode id="56">
    <code>getFromList([var=index_question_1],[var=second_mids_question_1])</code>
    <domain>MATH</domain>
  </initializationCode>
</VariableDeclaration><VariableDeclaration id="57">
  <name>third_mids_question_1</name>
  <initializationCode id="58">
    <code>list(&apos;2&apos;, &apos;2&apos;, &apos;2&apos;, &apos;&apos;, &apos;&apos;, &apos;6&apos;, &apos;&apos;, &apos;&apos;, &apos;5&apos;, &apos;4&apos;, &apos;0&apos;, &apos;4&apos;, &apos;0&apos;, &apos;5&apos;, &apos;&apos;, &apos;2&apos;, &apos;6&apos;, &apos;2&apos;, &apos;5&apos;, &apos;&apos;, &apos;5&apos;, &apos;2&apos;, &apos;5&apos;, &apos;2&apos;, &apos;&apos;)</code>
    <domain>MATH</domain>
  </initializationCode>
</VariableDeclaration><VariableDeclaration id="59">
  <name>third_mid_question_1</name>
  <initializationCode id="60">
    <code>getFromList([var=index_question_1],[var=third_mids_question_1])</code>
    <domain>MATH</domain>
  </initializationCode>
</VariableDeclaration><VariableDeclaration id="61">
  <name>fourth_mids_question_1</name>
  <initializationCode id="62">
    <code>list(&apos;&apos;, &apos;3&apos;, &apos;&apos;, &apos;&apos;, &apos;&apos;, &apos;&apos;, &apos;&apos;, &apos;&apos;, &apos;&apos;, &apos;&apos;, &apos;&apos;, &apos;&apos;, &apos;&apos;, &apos;&apos;, &apos;&apos;, &apos;&apos;, &apos;&apos;, &apos;&apos;, &apos;&apos;, &apos;&apos;, &apos;&apos;, &apos;&apos;, &apos;&apos;, &apos;&apos;, &apos;&apos;)</code>
    <domain>MATH</domain>
  </initializationCode>
</VariableDeclaration><VariableDeclaration id="63">
  <name>fourth_mid_question_1</name>
  <initializationCode id="64">
    <code>getFromList([var=index_question_1],[var=fourth_mids_question_1])</code>
    <domain>MATH</domain>
  </initializationCode>
</VariableDeclaration><VariableDeclaration id="65">
  <name>first_mids_for_displaying_with_numeration_question_1</name>
  <initializationCode id="66">
    <code>list(&apos;1. 3&apos;, &apos;1. 4&apos;, &apos;1. 3&apos;, &apos;1. 3&apos;, &apos;1. 3&apos;, &apos;1. 3&apos;, &apos;1. 3&apos;, &apos;1. 4&apos;, &apos;1. 4&apos;, &apos;1. 3&apos;, &apos;1. 3&apos;, &apos;1. 3&apos;, &apos;1. 4&apos;, &apos;1. 4&apos;, &apos;1. 4&apos;, &apos;1. 3&apos;, &apos;1. 3&apos;, &apos;1. 3&apos;, &apos;1. 4&apos;, &apos;1. 3&apos;, &apos;1. 4&apos;, &apos;1. 3&apos;, &apos;1. 4&apos;, &apos;1. 3&apos;, &apos;1. 3&apos;)</code>
    <domain>MATH</domain>
  </initializationCode>
</VariableDeclaration><VariableDeclaration id="67">
  <name>first_mid_for_displaying_with_numeration_question_1</name>
  <initializationCode id="68">
    <code>getFromList([var=index_question_1],[var=first_mids_for_displaying_with_numeration_question_1])</code>
    <domain>MATH</domain>
  </initializationCode>
</VariableDeclaration><VariableDeclaration id="69">
  <name>second_mids_for_displaying_with_numeration_question_1</name>
  <initializationCode id="70">
    <code>list(&apos;2. 1&apos;, &apos;2. 1&apos;, &apos;2. 1&apos;, &apos;2. 1&apos;, &apos;&apos;, &apos;2. 5&apos;, &apos;2. 5&apos;, &apos;2. 6&apos;, &apos;2. 6&apos;, &apos;2. 5&apos;, &apos;2. 1&apos;, &apos;2. 5&apos;, &apos;2. 1&apos;, &apos;2. 6&apos;, &apos;2. 1&apos;, &apos;2. 1&apos;, &apos;2. 5&apos;, &apos;2. 1&apos;, &apos;2. 6&apos;, &apos;&apos;, &apos;2. 6&apos;, &apos;2. 1&apos;, &apos;2. 6&apos;, &apos;2. 1&apos;, &apos;&apos;)</code>
    <domain>MATH</domain>
  </initializationCode>
</VariableDeclaration><VariableDeclaration id="71">
  <name>second_mid_for_displaying_with_numeration_question_1</name>
  <initializationCode id="72">
    <code>getFromList([var=index_question_1],[var=second_mids_for_displaying_with_numeration_question_1])</code>
    <domain>MATH</domain>
  </initializationCode>
</VariableDeclaration><VariableDeclaration id="73">
  <name>third_mids_for_displaying_with_numeration_question_1</name>
  <initializationCode id="74">
    <code>list(&apos;3. 2&apos;, &apos;3. 2&apos;, &apos;3. 2&apos;, &apos;&apos;, &apos;&apos;, &apos;3. 6&apos;, &apos;&apos;, &apos;&apos;, &apos;3. 5&apos;, &apos;3. 4&apos;, &apos;3. 0&apos;, &apos;3. 4&apos;, &apos;3. 0&apos;, &apos;3. 5&apos;, &apos;&apos;, &apos;3. 2&apos;, &apos;3. 6&apos;, &apos;3. 2&apos;, &apos;3. 5&apos;, &apos;&apos;, &apos;3. 5&apos;, &apos;3. 2&apos;, &apos;3. 5&apos;, &apos;3. 2&apos;, &apos;&apos;)</code>
    <domain>MATH</domain>
  </initializationCode>
</VariableDeclaration><VariableDeclaration id="75">
  <name>third_mid_for_displaying_with_numeration_question_1</name>
  <initializationCode id="76">
    <code>getFromList([var=index_question_1],[var=third_mids_for_displaying_with_numeration_question_1])</code>
    <domain>MATH</domain>
  </initializationCode>
</VariableDeclaration><VariableDeclaration id="77">
  <name>fourth_mids_for_displaying_with_numeration_question_1</name>
  <initializationCode id="78">
    <code>list(&apos;&apos;, &apos;4. 3&apos;, &apos;&apos;, &apos;&apos;, &apos;&apos;, &apos;&apos;, &apos;&apos;, &apos;&apos;, &apos;&apos;, &apos;&apos;, &apos;&apos;, &apos;&apos;, &apos;&apos;, &apos;&apos;, &apos;&apos;, &apos;&apos;, &apos;&apos;, &apos;&apos;, &apos;&apos;, &apos;&apos;, &apos;&apos;, &apos;&apos;, &apos;&apos;, &apos;&apos;, &apos;&apos;)</code>
    <domain>MATH</domain>
  </initializationCode>
</VariableDeclaration><VariableDeclaration id="79">
  <name>fourth_mid_for_displaying_with_numeration_question_1</name>
  <initializationCode id="80">
    <code>getFromList([var=index_question_1],[var=fourth_mids_for_displaying_with_numeration_question_1])</code>
    <domain>MATH</domain>
  </initializationCode>
</VariableDeclaration><VariableDeclaration id="81">
  <name>first_wrong_mids_question_1</name>
  <initializationCode id="82">
    <code>list(&apos;11&apos;, &apos;9&apos;, &apos;8&apos;, &apos;12&apos;, &apos;13&apos;, &apos;11&apos;, &apos;14&apos;, &apos;9&apos;, &apos;10&apos;, &apos;5&apos;, &apos;9&apos;, &apos;12&apos;, &apos;11&apos;, &apos;11&apos;, &apos;10&apos;, &apos;11&apos;, &apos;11&apos;, &apos;9&apos;, &apos;8&apos;, &apos;11&apos;, &apos;14&apos;, &apos;10&apos;, &apos;11&apos;, &apos;11&apos;, &apos;12&apos;)</code>
    <domain>MATH</domain>
  </initializationCode>
</VariableDeclaration><VariableDeclaration id="83">
  <name>first_wrong_mid_question_1</name>
  <initializationCode id="84">
    <code>getFromList([var=index_question_1],[var=first_wrong_mids_question_1])</code>
    <domain>MATH</domain>
  </initializationCode>
</VariableDeclaration><VariableDeclaration id="85">
  <name>second_wrong_mids_question_1</name>
  <initializationCode id="86">
    <code>list(&apos;3&apos;, &apos;3&apos;, &apos;6&apos;, &apos;8&apos;, &apos;&apos;, &apos;16&apos;, &apos;17&apos;, &apos;15&apos;, &apos;12&apos;, &apos;15&apos;, &apos;4&apos;, &apos;15&apos;, &apos;4&apos;, &apos;14&apos;, &apos;2&apos;, &apos;5&apos;, &apos;14&apos;, &apos;2&apos;, &apos;10&apos;, &apos;&apos;, &apos;17&apos;, &apos;6&apos;, &apos;15&apos;, &apos;8&apos;, &apos;&apos;)</code>
    <domain>MATH</domain>
  </initializationCode>
</VariableDeclaration><VariableDeclaration id="87">
  <name>second_wrong_mid_question_1</name>
  <initializationCode id="88">
    <code>getFromList([var=index_question_1],[var=second_wrong_mids_question_1])</code>
    <domain>MATH</domain>
  </initializationCode>
</VariableDeclaration><VariableDeclaration id="89">
  <name>third_wrong_mids_question_1</name>
  <initializationCode id="90">
    <code>list(&apos;5&apos;, &apos;4&apos;, &apos;7&apos;, &apos;&apos;, &apos;&apos;, &apos;19&apos;, &apos;&apos;, &apos;&apos;, &apos;11&apos;, &apos;11&apos;, &apos;1&apos;, &apos;13&apos;, &apos;3&apos;, &apos;13&apos;, &apos;&apos;, &apos;6&apos;, &apos;17&apos;, &apos;8&apos;, &apos;9&apos;, &apos;&apos;, &apos;16&apos;, &apos;8&apos;, &apos;12&apos;, &apos;10&apos;, &apos;&apos;)</code>
    <domain>MATH</domain>
  </initializationCode>
</VariableDeclaration><VariableDeclaration id="91">
  <name>third_wrong_mid_question_1</name>
  <initializationCode id="92">
    <code>getFromList([var=index_question_1],[var=third_wrong_mids_question_1])</code>
    <domain>MATH</domain>
  </initializationCode>
</VariableDeclaration><VariableDeclaration id="93">
  <name>fourth_wrong_mids_question_1</name>
  <initializationCode id="94">
    <code>list(&apos;&apos;, &apos;5&apos;, &apos;&apos;, &apos;&apos;, &apos;&apos;, &apos;&apos;, &apos;&apos;, &apos;&apos;, &apos;&apos;, &apos;&apos;, &apos;&apos;, &apos;&apos;, &apos;&apos;, &apos;&apos;, &apos;&apos;, &apos;&apos;, &apos;&apos;, &apos;&apos;, &apos;&apos;, &apos;&apos;, &apos;&apos;, &apos;&apos;, &apos;&apos;, &apos;&apos;, &apos;&apos;)</code>
    <domain>MATH</domain>
  </initializationCode>
</VariableDeclaration><VariableDeclaration id="95">
  <name>fourth_wrong_mid_question_1</name>
  <initializationCode id="96">
    <code>getFromList([var=index_question_1],[var=fourth_wrong_mids_question_1])</code>
    <domain>MATH</domain>
  </initializationCode>
</VariableDeclaration><VariableDeclaration id="97">
  <name>first_ls_question_1</name>
  <initializationCode id="98">
    <code>list(&apos;0&apos;, &apos;0&apos;, &apos;0&apos;, &apos;0&apos;, &apos;0&apos;, &apos;0&apos;, &apos;0&apos;, &apos;0&apos;, &apos;0&apos;, &apos;0&apos;, &apos;0&apos;, &apos;0&apos;, &apos;0&apos;, &apos;0&apos;, &apos;0&apos;, &apos;0&apos;, &apos;0&apos;, &apos;0&apos;, &apos;0&apos;, &apos;0&apos;, &apos;0&apos;, &apos;0&apos;, &apos;0&apos;, &apos;0&apos;, &apos;0&apos;)</code>
    <domain>MATH</domain>
  </initializationCode>
</VariableDeclaration><VariableDeclaration id="99">
  <name>first_l_question_1</name>
  <initializationCode id="100">
    <code>getFromList([var=index_question_1],[var=first_ls_question_1])</code>
    <domain>MATH</domain>
  </initializationCode>
</VariableDeclaration><VariableDeclaration id="101">
  <name>second_ls_question_1</name>
  <initializationCode id="102">
    <code>list(&apos;0&apos;, &apos;0&apos;, &apos;0&apos;, &apos;0&apos;, &apos;&apos;, &apos;4&apos;, &apos;4&apos;, &apos;5&apos;, &apos;5&apos;, &apos;4&apos;, &apos;0&apos;, &apos;4&apos;, &apos;0&apos;, &apos;5&apos;, &apos;0&apos;, &apos;0&apos;, &apos;4&apos;, &apos;0&apos;, &apos;5&apos;, &apos;&apos;, &apos;5&apos;, &apos;0&apos;, &apos;5&apos;, &apos;0&apos;, &apos;&apos;)</code>
    <domain>MATH</domain>
  </initializationCode>
</VariableDeclaration><VariableDeclaration id="103">
  <name>second_l_question_1</name>
  <initializationCode id="104">
    <code>getFromList([var=index_question_1],[var=second_ls_question_1])</code>
    <domain>MATH</domain>
  </initializationCode>
</VariableDeclaration><VariableDeclaration id="105">
  <name>third_ls_question_1</name>
  <initializationCode id="106">
    <code>list(&apos;2&apos;, &apos;2&apos;, &apos;2&apos;, &apos;&apos;, &apos;&apos;, &apos;6&apos;, &apos;&apos;, &apos;&apos;, &apos;5&apos;, &apos;4&apos;, &apos;0&apos;, &apos;4&apos;, &apos;0&apos;, &apos;5&apos;, &apos;&apos;, &apos;2&apos;, &apos;6&apos;, &apos;2&apos;, &apos;5&apos;, &apos;&apos;, &apos;5&apos;, &apos;2&apos;, &apos;5&apos;, &apos;2&apos;, &apos;&apos;)</code>
    <domain>MATH</domain>
  </initializationCode>
</VariableDeclaration><VariableDeclaration id="107">
  <name>third_l_question_1</name>
  <initializationCode id="108">
    <code>getFromList([var=index_question_1],[var=third_ls_question_1])</code>
    <domain>MATH</domain>
  </initializationCode>
</VariableDeclaration><VariableDeclaration id="109">
  <name>fourth_ls_question_1</name>
  <initializationCode id="110">
    <code>list(&apos;&apos;, &apos;3&apos;, &apos;&apos;, &apos;&apos;, &apos;&apos;, &apos;&apos;, &apos;&apos;, &apos;&apos;, &apos;&apos;, &apos;&apos;, &apos;&apos;, &apos;&apos;, &apos;&apos;, &apos;&apos;, &apos;&apos;, &apos;&apos;, &apos;&apos;, &apos;&apos;, &apos;&apos;, &apos;&apos;, &apos;&apos;, &apos;&apos;, &apos;&apos;, &apos;&apos;, &apos;&apos;)</code>
    <domain>MATH</domain>
  </initializationCode>
</VariableDeclaration><VariableDeclaration id="111">
  <name>fourth_l_question_1</name>
  <initializationCode id="112">
    <code>getFromList([var=index_question_1],[var=fourth_ls_question_1])</code>
    <domain>MATH</domain>
  </initializationCode>
</VariableDeclaration><VariableDeclaration id="113">
  <name>first_rs_question_1</name>
  <initializationCode id="114">
    <code>list(&apos;7&apos;, &apos;8&apos;, &apos;6&apos;, &apos;7&apos;, &apos;6&apos;, &apos;6&apos;, &apos;6&apos;, &apos;8&apos;, &apos;8&apos;, &apos;7&apos;, &apos;6&apos;, &apos;6&apos;, &apos;8&apos;, &apos;8&apos;, &apos;8&apos;, &apos;6&apos;, &apos;7&apos;, &apos;6&apos;, &apos;8&apos;, &apos;7&apos;, &apos;8&apos;, &apos;6&apos;, &apos;8&apos;, &apos;6&apos;, &apos;6&apos;)</code>
    <domain>MATH</domain>
  </initializationCode>
</VariableDeclaration><VariableDeclaration id="115">
  <name>first_r_question_1</name>
  <initializationCode id="116">
    <code>getFromList([var=index_question_1],[var=first_rs_question_1])</code>
    <domain>MATH</domain>
  </initializationCode>
</VariableDeclaration><VariableDeclaration id="117">
  <name>second_rs_question_1</name>
  <initializationCode id="118">
    <code>list(&apos;2&apos;, &apos;3&apos;, &apos;2&apos;, &apos;2&apos;, &apos;&apos;, &apos;6&apos;, &apos;6&apos;, &apos;8&apos;, &apos;8&apos;, &apos;7&apos;, &apos;2&apos;, &apos;6&apos;, &apos;3&apos;, &apos;8&apos;, &apos;3&apos;, &apos;2&apos;, &apos;7&apos;, &apos;2&apos;, &apos;8&apos;, &apos;&apos;, &apos;8&apos;, &apos;2&apos;, &apos;8&apos;, &apos;2&apos;, &apos;&apos;)</code>
    <domain>MATH</domain>
  </initializationCode>
</VariableDeclaration><VariableDeclaration id="119">
  <name>second_r_question_1</name>
  <initializationCode id="120">
    <code>getFromList([var=index_question_1],[var=second_rs_question_1])</code>
    <domain>MATH</domain>
  </initializationCode>
</VariableDeclaration><VariableDeclaration id="121">
  <name>third_rs_question_1</name>
  <initializationCode id="122">
    <code>list(&apos;2&apos;, &apos;3&apos;, &apos;2&apos;, &apos;&apos;, &apos;&apos;, &apos;6&apos;, &apos;&apos;, &apos;&apos;, &apos;5&apos;, &apos;4&apos;, &apos;0&apos;, &apos;4&apos;, &apos;0&apos;, &apos;5&apos;, &apos;&apos;, &apos;2&apos;, &apos;7&apos;, &apos;2&apos;, &apos;5&apos;, &apos;&apos;, &apos;5&apos;, &apos;2&apos;, &apos;5&apos;, &apos;2&apos;, &apos;&apos;)</code>
    <domain>MATH</domain>
  </initializationCode>
</VariableDeclaration><VariableDeclaration id="123">
  <name>third_r_question_1</name>
  <initializationCode id="124">
    <code>getFromList([var=index_question_1],[var=third_rs_question_1])</code>
    <domain>MATH</domain>
  </initializationCode>
</VariableDeclaration><VariableDeclaration id="125">
  <name>fourth_rs_question_1</name>
  <initializationCode id="126">
    <code>list(&apos;&apos;, &apos;3&apos;, &apos;&apos;, &apos;&apos;, &apos;&apos;, &apos;&apos;, &apos;&apos;, &apos;&apos;, &apos;&apos;, &apos;&apos;, &apos;&apos;, &apos;&apos;, &apos;&apos;, &apos;&apos;, &apos;&apos;, &apos;&apos;, &apos;&apos;, &apos;&apos;, &apos;&apos;, &apos;&apos;, &apos;&apos;, &apos;&apos;, &apos;&apos;, &apos;&apos;, &apos;&apos;)</code>
    <domain>MATH</domain>
  </initializationCode>
</VariableDeclaration><VariableDeclaration id="127">
  <name>fourth_r_question_1</name>
  <initializationCode id="128">
    <code>getFromList([var=index_question_1],[var=fourth_rs_question_1])</code>
    <domain>MATH</domain>
  </initializationCode>
</VariableDeclaration><VariableDeclaration id="129">
  <name>index_question_2</name>
  <initializationCode id="130">
    <code>randomIntegerBetween(0, 25)</code>
    <domain>MATH</domain>
  </initializationCode>
</VariableDeclaration><VariableDeclaration id="131">
  <name>arrays_question_2</name>
  <initializationCode id="132">
    <code>list(&apos;[2, 3, 5, 6, 10, 11, 16, 17]&apos;, &apos;[1, 2, 5, 7, 8, 15, 16, 18, 19]&apos;, &apos;[1, 6, 8, 10, 11, 13, 16, 18]&apos;, &apos;[1, 3, 7, 11, 12, 13, 14, 15]&apos;, &apos;[1, 3, 4, 6, 7, 10, 12, 17, 18]&apos;, &apos;[8, 9, 10, 13, 14, 16, 18]&apos;, &apos;[1, 3, 6, 9, 12, 14, 17, 18, 19]&apos;, &apos;[1, 4, 7, 9, 11, 13, 15, 17, 18]&apos;, &apos;[1, 2, 8, 9, 10, 12, 17, 18, 19]&apos;, &apos;[1, 2, 3, 4, 6, 7, 19]&apos;, &apos;[5, 7, 9, 10, 11, 12, 15, 16, 17]&apos;, &apos;[4, 8, 10, 11, 13, 14, 16, 17, 19]&apos;, &apos;[2, 5, 6, 11, 12, 14, 15, 16]&apos;, &apos;[1, 4, 7, 8, 12, 15, 18, 19]&apos;, &apos;[3, 6, 10, 11, 14, 15, 16, 17, 19]&apos;, &apos;[3, 6, 7, 8, 9, 11, 12, 14, 18]&apos;, &apos;[3, 5, 7, 10, 13, 14, 18]&apos;, &apos;[1, 4, 8, 10, 12, 14, 16]&apos;, &apos;[4, 6, 7, 9, 12, 15, 16, 17, 18]&apos;, &apos;[1, 3, 4, 9, 12, 13, 15, 16, 18]&apos;, &apos;[4, 9, 11, 13, 14, 15, 18]&apos;, &apos;[1, 5, 7, 15, 16, 17, 19]&apos;, &apos;[1, 2, 3, 11, 14, 15, 18]&apos;, &apos;[1, 5, 6, 9, 12, 15, 16, 19]&apos;, &apos;[1, 3, 4, 6, 9, 10, 12, 14, 16]&apos;)</code>
    <domain>MATH</domain>
  </initializationCode>
</VariableDeclaration><VariableDeclaration id="133">
  <name>array_question_2</name>
  <initializationCode id="134">
    <code>getFromList([var=index_question_2],[var=arrays_question_2])</code>
    <domain>MATH</domain>
  </initializationCode>
</VariableDeclaration><VariableDeclaration id="135">
  <name>ks_question_2</name>
  <initializationCode id="136">
    <code>list(&apos;3&apos;, &apos;1&apos;, &apos;18&apos;, &apos;7&apos;, &apos;18&apos;, &apos;9&apos;, &apos;9&apos;, &apos;4&apos;, &apos;18&apos;, &apos;19&apos;, &apos;11&apos;, &apos;14&apos;, &apos;14&apos;, &apos;15&apos;, &apos;16&apos;, &apos;18&apos;, &apos;7&apos;, &apos;16&apos;, &apos;17&apos;, &apos;16&apos;, &apos;14&apos;, &apos;16&apos;, &apos;14&apos;, &apos;5&apos;, &apos;10&apos;)</code>
    <domain>MATH</domain>
  </initializationCode>
</VariableDeclaration><VariableDeclaration id="137">
  <name>k_question_2</name>
  <initializationCode id="138">
    <code>getFromList([var=index_question_2],[var=ks_question_2])</code>
    <domain>MATH</domain>
  </initializationCode>
</VariableDeclaration><VariableDeclaration id="139">
  <name>comparisons_of_a_at_position_mid_to_k_question_2</name>
  <initializationCode id="140">
    <code>list(2, 3, 4, 3, 4, 2, 4, 2, 3, 3, 1, 3, 2, 2, 2, 4, 3, 3, 3, 3, 3, 3, 3, 2, 3)</code>
    <domain>MATH</domain>
  </initializationCode>
</VariableDeclaration><VariableDeclaration id="141">
  <name>comparison_of_a_at_position_mid_to_k_question_2</name>
  <initializationCode id="142">
    <code>getFromList([var=index_question_2],[var=comparisons_of_a_at_position_mid_to_k_question_2])</code>
    <domain>MATH</domain>
  </initializationCode>
</VariableDeclaration><VariableDeclaration id="143">
  <name>first_mids_for_displaying_with_numeration_question_2</name>
  <initializationCode id="144">
    <code>list(&apos;1. 3&apos;, &apos;1. 4&apos;, &apos;1. 3&apos;, &apos;1. 3&apos;, &apos;1. 4&apos;, &apos;1. 3&apos;, &apos;1. 4&apos;, &apos;1. 4&apos;, &apos;1. 4&apos;, &apos;1. 3&apos;, &apos;1. 4&apos;, &apos;1. 4&apos;, &apos;1. 3&apos;, &apos;1. 3&apos;, &apos;1. 4&apos;, &apos;1. 4&apos;, &apos;1. 3&apos;, &apos;1. 3&apos;, &apos;1. 4&apos;, &apos;1. 4&apos;, &apos;1. 3&apos;, &apos;1. 3&apos;, &apos;1. 3&apos;, &apos;1. 3&apos;, &apos;1. 4&apos;)</code>
    <domain>MATH</domain>
  </initializationCode>
</VariableDeclaration><VariableDeclaration id="145">
  <name>first_mid_for_displaying_with_numeration_question_2</name>
  <initializationCode id="146">
    <code>getFromList([var=index_question_2],[var=first_mids_for_displaying_with_numeration_question_2])</code>
    <domain>MATH</domain>
  </initializationCode>
</VariableDeclaration><VariableDeclaration id="147">
  <name>second_mids_for_displaying_with_numeration_question_2</name>
  <initializationCode id="148">
    <code>list(&apos;2. 1&apos;, &apos;2. 1&apos;, &apos;2. 5&apos;, &apos;2. 1&apos;, &apos;2. 6&apos;, &apos;2. 1&apos;, &apos;2. 1&apos;, &apos;2. 1&apos;, &apos;2. 6&apos;, &apos;2. 5&apos;, &apos;&apos;, &apos;2. 6&apos;, &apos;2. 5&apos;, &apos;2. 5&apos;, &apos;2. 6&apos;, &apos;2. 6&apos;, &apos;2. 1&apos;, &apos;2. 5&apos;, &apos;2. 6&apos;, &apos;2. 6&apos;, &apos;2. 5&apos;, &apos;2. 5&apos;, &apos;2. 5&apos;, &apos;2. 1&apos;, &apos;2. 6&apos;)</code>
    <domain>MATH</domain>
  </initializationCode>
</VariableDeclaration><VariableDeclaration id="149">
  <name>second_mid_for_displaying_with_numeration_question_2</name>
  <initializationCode id="150">
    <code>getFromList([var=index_question_2],[var=second_mids_for_displaying_with_numeration_question_2])</code>
    <domain>MATH</domain>
  </initializationCode>
</VariableDeclaration><VariableDeclaration id="151">
  <name>third_mids_for_displaying_with_numeration_question_2</name>
  <initializationCode id="152">
    <code>list(&apos;&apos;, &apos;3. 0&apos;, &apos;3. 6&apos;, &apos;3. 2&apos;, &apos;3. 7&apos;, &apos;&apos;, &apos;3. 2&apos;, &apos;&apos;, &apos;3. 7&apos;, &apos;3. 6&apos;, &apos;&apos;, &apos;3. 5&apos;, &apos;&apos;, &apos;&apos;, &apos;&apos;, &apos;3. 7&apos;, &apos;3. 2&apos;, &apos;3. 6&apos;, &apos;3. 7&apos;, &apos;3. 7&apos;, &apos;3. 4&apos;, &apos;3. 4&apos;, &apos;3. 4&apos;, &apos;&apos;, &apos;3. 5&apos;)</code>
    <domain>MATH</domain>
  </initializationCode>
</VariableDeclaration><VariableDeclaration id="153">
  <name>third_mid_for_displaying_with_numeration_question_2</name>
  <initializationCode id="154">
    <code>getFromList([var=index_question_2],[var=third_mids_for_displaying_with_numeration_question_2])</code>
    <domain>MATH</domain>
  </initializationCode>
</VariableDeclaration><VariableDeclaration id="155">
  <name>fourth_mids_for_displaying_with_numeration_question_2</name>
  <initializationCode id="156">
    <code>list(&apos;&apos;, &apos;&apos;, &apos;4. 7&apos;, &apos;&apos;, &apos;4. 8&apos;, &apos;&apos;, &apos;4. 3&apos;, &apos;&apos;, &apos;&apos;, &apos;&apos;, &apos;&apos;, &apos;&apos;, &apos;&apos;, &apos;&apos;, &apos;&apos;, &apos;4. 8&apos;, &apos;&apos;, &apos;&apos;, &apos;&apos;, &apos;&apos;, &apos;&apos;, &apos;&apos;, &apos;&apos;, &apos;&apos;, &apos;&apos;)</code>
    <domain>MATH</domain>
  </initializationCode>
</VariableDeclaration><VariableDeclaration id="157">
  <name>fourth_mid_for_displaying_with_numeration_question_2</name>
  <initializationCode id="158">
    <code>getFromList([var=index_question_2],[var=fourth_mids_for_displaying_with_numeration_question_2])</code>
    <domain>MATH</domain>
  </initializationCode>
</VariableDeclaration><VariableDeclaration id="159">
  <name>first_a_at_mid_to_k_comparisons_question_2</name>
  <initializationCode id="160">
    <code>list(&apos;1. array[3] != 3&apos;, &apos;1. array[4] != 1&apos;, &apos;1. array[3] != 18&apos;, &apos;1. array[3] != 7&apos;, &apos;1. array[4] != 18&apos;, &apos;1. array[3] != 9&apos;, &apos;1. array[4] != 9&apos;, &apos;1. array[4] != 4&apos;, &apos;1. array[4] != 18&apos;, &apos;1. array[3] != 19&apos;, &apos;1. array[4] == 11&apos;, &apos;1. array[4] != 14&apos;, &apos;1. array[3] != 14&apos;, &apos;1. array[3] != 15&apos;, &apos;1. array[4] != 16&apos;, &apos;1. array[4] != 18&apos;, &apos;1. array[3] != 7&apos;, &apos;1. array[3] != 16&apos;, &apos;1. array[4] != 17&apos;, &apos;1. array[4] != 16&apos;, &apos;1. array[3] != 14&apos;, &apos;1. array[3] != 16&apos;, &apos;1. array[3] != 14&apos;, &apos;1. array[3] != 5&apos;, &apos;1. array[4] != 10&apos;)</code>
    <domain>MATH</domain>
  </initializationCode>
</VariableDeclaration><VariableDeclaration id="161">
  <name>first_a_at_mid_to_k_comparison_question_2</name>
  <initializationCode id="162">
    <code>getFromList([var=index_question_2],[var=first_a_at_mid_to_k_comparisons_question_2])</code>
    <domain>MATH</domain>
  </initializationCode>
</VariableDeclaration><VariableDeclaration id="163">
  <name>second_a_at_mid_to_k_comparisons_question_2</name>
  <initializationCode id="164">
    <code>list(&apos;2. array[1] == 3&apos;, &apos;2. array[1] != 1&apos;, &apos;2. array[5] != 18&apos;, &apos;2. array[1] != 7&apos;, &apos;2. array[6] != 18&apos;, &apos;2. array[1] == 9&apos;, &apos;2. array[1] != 9&apos;, &apos;2. array[1] == 4&apos;, &apos;2. array[6] != 18&apos;, &apos;2. array[5] != 19&apos;, &apos;&apos;, &apos;2. array[6] != 14&apos;, &apos;2. array[5] == 14&apos;, &apos;2. array[5] == 15&apos;, &apos;2. array[6] == 16&apos;, &apos;2. array[6] != 18&apos;, &apos;2. array[1] != 7&apos;, &apos;2. array[5] != 16&apos;, &apos;2. array[6] != 17&apos;, &apos;2. array[6] != 16&apos;, &apos;2. array[5] != 14&apos;, &apos;2. array[5] != 16&apos;, &apos;2. array[5] != 14&apos;, &apos;2. array[1] == 5&apos;, &apos;2. array[6] != 10&apos;)</code>
    <domain>MATH</domain>
  </initializationCode>
</VariableDeclaration><VariableDeclaration id="165">
  <name>second_a_at_mid_to_k_comparison_question_2</name>
  <initializationCode id="166">
    <code>getFromList([var=index_question_2],[var=second_a_at_mid_to_k_comparisons_question_2])</code>
    <domain>MATH</domain>
  </initializationCode>
</VariableDeclaration><VariableDeclaration id="167">
  <name>third_a_at_mid_to_k_comparisons_question_2</name>
  <initializationCode id="168">
    <code>list(&apos;&apos;, &apos;3. array[0] == 1&apos;, &apos;3. array[6] != 18&apos;, &apos;3. array[2] == 7&apos;, &apos;3. array[7] != 18&apos;, &apos;&apos;, &apos;3. array[2] != 9&apos;, &apos;&apos;, &apos;3. array[7] == 18&apos;, &apos;3. array[6] == 19&apos;, &apos;&apos;, &apos;3. array[5] == 14&apos;, &apos;&apos;, &apos;&apos;, &apos;&apos;, &apos;3. array[7] != 18&apos;, &apos;3. array[2] == 7&apos;, &apos;3. array[6] == 16&apos;, &apos;3. array[7] == 17&apos;, &apos;3. array[7] == 16&apos;, &apos;3. array[4] == 14&apos;, &apos;3. array[4] == 16&apos;, &apos;3. array[4] == 14&apos;, &apos;&apos;, &apos;3. array[5] == 10&apos;)</code>
    <domain>MATH</domain>
  </initializationCode>
</VariableDeclaration><VariableDeclaration id="169">
  <name>third_a_at_mid_to_k_comparison_question_2</name>
  <initializationCode id="170">
    <code>getFromList([var=index_question_2],[var=third_a_at_mid_to_k_comparisons_question_2])</code>
    <domain>MATH</domain>
  </initializationCode>
</VariableDeclaration><VariableDeclaration id="171">
  <name>fourth_a_at_mid_to_k_comparisons_question_2</name>
  <initializationCode id="172">
    <code>list(&apos;&apos;, &apos;&apos;, &apos;4. array[7] == 18&apos;, &apos;&apos;, &apos;4. array[8] == 18&apos;, &apos;&apos;, &apos;4. array[3] == 9&apos;, &apos;&apos;, &apos;&apos;, &apos;&apos;, &apos;&apos;, &apos;&apos;, &apos;&apos;, &apos;&apos;, &apos;&apos;, &apos;4. array[8] == 18&apos;, &apos;&apos;, &apos;&apos;, &apos;&apos;, &apos;&apos;, &apos;&apos;, &apos;&apos;, &apos;&apos;, &apos;&apos;, &apos;&apos;)</code>
    <domain>MATH</domain>
  </initializationCode>
</VariableDeclaration><VariableDeclaration id="173">
  <name>fourth_a_at_mid_to_k_comparison_question_2</name>
  <initializationCode id="174">
    <code>getFromList([var=index_question_2],[var=fourth_a_at_mid_to_k_comparisons_question_2])</code>
    <domain>MATH</domain>
  </initializationCode>
</VariableDeclaration><VariableDeclaration id="175">
  <name>index_question_3</name>
  <initializationCode id="176">
    <code>randomIntegerBetween(0, 25)</code>
    <domain>MATH</domain>
  </initializationCode>
</VariableDeclaration><VariableDeclaration id="177">
  <name>arrays_question_3</name>
  <initializationCode id="178">
    <code>list(&apos;[3, 5, 6, 7, 10, 11, 13, 14, 18, 19, 20, 26, 27, 30, 33, 42, 43, 45, 47, 48]&apos;, &apos;[3, 6, 11, 12, 16, 18, 20, 22, 24, 25, 28, 31, 32, 34, 35, 45, 48]&apos;, &apos;[2, 6, 7, 9, 10, 12, 16, 20, 22, 24, 25, 26, 27, 34, 37, 39, 40, 41, 48, 49]&apos;, &apos;[3, 7, 9, 11, 13, 15, 18, 20, 22, 25, 26, 34, 38, 39, 44, 45, 49]&apos;, &apos;[5, 6, 9, 10, 17, 19, 22, 31, 32, 33, 37, 40, 41, 42, 45, 47, 49]&apos;, &apos;[2, 3, 5, 7, 11, 14, 15, 18, 19, 20, 26, 33, 34, 35, 36, 38, 40, 41, 42, 48]&apos;, &apos;[7, 8, 11, 14, 15, 17, 21, 29, 34, 35, 36, 38, 41, 43, 44, 45, 46]&apos;, &apos;[1, 3, 6, 12, 17, 18, 19, 20, 21, 22, 28, 34, 38, 41, 42, 49]&apos;, &apos;[10, 11, 13, 16, 18, 23, 24, 28, 33, 36, 37, 40, 41, 43, 44, 48]&apos;, &apos;[2, 5, 6, 14, 15, 16, 19, 22, 24, 27, 35, 36, 38, 44, 49]&apos;, &apos;[1, 4, 5, 6, 8, 10, 18, 21, 22, 26, 30, 33, 35, 39, 40, 44, 45, 49]&apos;, &apos;[1, 2, 4, 6, 10, 12, 13, 20, 21, 22, 23, 24, 28, 29, 33, 37, 41, 46, 48, 49]&apos;, &apos;[3, 4, 7, 12, 13, 14, 20, 26, 30, 31, 33, 35, 38, 39, 40, 43, 45, 49]&apos;, &apos;[2, 5, 6, 16, 21, 30, 31, 34, 35, 38, 39, 40, 41, 44, 46, 47]&apos;, &apos;[1, 4, 7, 9, 10, 11, 14, 16, 17, 20, 21, 23, 25, 27, 31, 32, 33, 36, 37, 44]&apos;, &apos;[4, 6, 7, 8, 13, 14, 15, 16, 25, 26, 31, 32, 33, 35, 37, 40, 41, 45, 48, 49]&apos;, &apos;[1, 2, 3, 4, 5, 6, 8, 11, 14, 15, 16, 22, 27, 34, 37, 39, 43, 45, 49]&apos;, &apos;[2, 10, 11, 13, 14, 15, 18, 23, 24, 27, 28, 29, 34, 36, 42, 47, 48]&apos;, &apos;[1, 2, 8, 10, 12, 15, 18, 19, 20, 23, 25, 26, 31, 33, 34, 35, 36, 37, 44, 48]&apos;, &apos;[4, 7, 15, 18, 19, 20, 23, 24, 26, 33, 39, 40, 45, 46, 49]&apos;, &apos;[1, 3, 8, 12, 13, 15, 19, 26, 29, 31, 41, 43, 46, 48, 49]&apos;, &apos;[1, 4, 6, 9, 10, 11, 15, 16, 21, 24, 26, 27, 30, 35, 38, 44, 47, 49]&apos;, &apos;[3, 5, 6, 9, 14, 16, 22, 24, 26, 33, 35, 36, 39, 44, 47]&apos;, &apos;[1, 2, 6, 7, 8, 11, 14, 17, 21, 27, 28, 29, 30, 32, 35, 40, 42, 43, 46, 47]&apos;, &apos;[5, 7, 9, 10, 13, 14, 20, 21, 27, 28, 37, 39, 40, 41, 44, 48]&apos;)</code>
    <domain>MATH</domain>
  </initializationCode>
</VariableDeclaration><VariableDeclaration id="179">
  <name>array_question_3</name>
  <initializationCode id="180">
    <code>getFromList([var=index_question_3],[var=arrays_question_3])</code>
    <domain>MATH</domain>
  </initializationCode>
</VariableDeclaration><VariableDeclaration id="181">
  <name>ks_question_3</name>
  <initializationCode id="182">
    <code>list(&apos;47&apos;, &apos;31&apos;, &apos;39&apos;, &apos;15&apos;, &apos;42&apos;, &apos;40&apos;, &apos;8&apos;, &apos;18&apos;, &apos;37&apos;, &apos;49&apos;, &apos;5&apos;, &apos;21&apos;, &apos;35&apos;, &apos;46&apos;, &apos;7&apos;, &apos;49&apos;, &apos;8&apos;, &apos;18&apos;, &apos;48&apos;, &apos;33&apos;, &apos;1&apos;, &apos;26&apos;, &apos;39&apos;, &apos;42&apos;, &apos;44&apos;)</code>
    <domain>MATH</domain>
  </initializationCode>
</VariableDeclaration><VariableDeclaration id="183">
  <name>k_question_3</name>
  <initializationCode id="184">
    <code>getFromList([var=index_question_3],[var=ks_question_3])</code>
    <domain>MATH</domain>
  </initializationCode>
</VariableDeclaration><VariableDeclaration id="185">
  <name>ls_initial_call_question_3</name>
  <initializationCode id="186">
    <code>list(0, 0, 0, 0, 0, 0, 0, 0, 0, 0, 0, 0, 0, 0, 0, 0, 0, 0, 0, 0, 0, 0, 0, 0, 0)</code>
    <domain>MATH</domain>
  </initializationCode>
</VariableDeclaration><VariableDeclaration id="187">
  <name>l_initial_call_question_3</name>
  <initializationCode id="188">
    <code>getFromList([var=index_question_3],[var=ls_initial_call_question_3])</code>
    <domain>MATH</domain>
  </initializationCode>
</VariableDeclaration><VariableDeclaration id="189">
  <name>rs_initial_call_question_3</name>
  <initializationCode id="190">
    <code>list(19, 16, 19, 16, 16, 19, 16, 15, 15, 14, 17, 19, 17, 15, 19, 19, 18, 16, 19, 14, 14, 17, 14, 19, 15)</code>
    <domain>MATH</domain>
  </initializationCode>
</VariableDeclaration><VariableDeclaration id="191">
  <name>r_initial_call_question_3</name>
  <initializationCode id="192">
    <code>getFromList([var=index_question_3],[var=rs_initial_call_question_3])</code>
    <domain>MATH</domain>
  </initializationCode>
</VariableDeclaration><VariableDeclaration id="193">
  <name>ls_first_recursive_call_question_3</name>
  <initializationCode id="194">
    <code>list(10, 9, 10, 0, 9, 10, 0, 0, 8, 8, 0, 0, 9, 8, 0, 10, 0, 0, 10, 8, 0, 9, 8, 10, 8)</code>
    <domain>MATH</domain>
  </initializationCode>
</VariableDeclaration><VariableDeclaration id="195">
  <name>l_first_recursive_call_question_3</name>
  <initializationCode id="196">
    <code>getFromList([var=index_question_3],[var=ls_first_recursive_call_question_3])</code>
    <domain>MATH</domain>
  </initializationCode>
</VariableDeclaration><VariableDeclaration id="197">
  <name>rs_first_recursive_call_question_3</name>
  <initializationCode id="198">
    <code>list(19, 16, 19, 7, 16, 19, 7, 6, 15, 14, 7, 8, 17, 15, 8, 19, 8, 7, 19, 14, 6, 17, 14, 19, 15)</code>
    <domain>MATH</domain>
  </initializationCode>
</VariableDeclaration><VariableDeclaration id="199">
  <name>r_first_recursive_call_question_3</name>
  <initializationCode id="200">
    <code>getFromList([var=index_question_3],[var=rs_first_recursive_call_question_3])</code>
    <domain>MATH</domain>
  </initializationCode>
</VariableDeclaration><VariableDeclaration id="201">
  <name>ls_second_recursive_call_question_3</name>
  <initializationCode id="202">
    <code>list(15, 9, 15, 4, 13, 15, 0, 4, 8, 12, 0, 5, 9, 12, 0, 15, 5, 4, 15, 8, 0, 9, 12, 15, 12)</code>
    <domain>MATH</domain>
  </initializationCode>
</VariableDeclaration><VariableDeclaration id="203">
  <name>l_second_recursive_call_question_3</name>
  <initializationCode id="204">
    <code>getFromList([var=index_question_3],[var=ls_second_recursive_call_question_3])</code>
    <domain>MATH</domain>
  </initializationCode>
</VariableDeclaration><VariableDeclaration id="205">
  <name>rs_second_recursive_call_question_3</name>
  <initializationCode id="206">
    <code>list(19, 11, 19, 7, 16, 19, 2, 6, 10, 14, 2, 8, 12, 15, 3, 19, 8, 7, 19, 10, 2, 12, 14, 19, 15)</code>
    <domain>MATH</domain>
  </initializationCode>
</VariableDeclaration><VariableDeclaration id="207">
  <name>r_second_recursive_call_question_3</name>
  <initializationCode id="208">
    <code>getFromList([var=index_question_3],[var=rs_second_recursive_call_question_3])</code>
    <domain>MATH</domain>
  </initializationCode>
</VariableDeclaration><VariableDeclaration id="209">
  <name>ls_third_recursive_call_question_3</name>
  <initializationCode id="210">
    <code>list(&apos;18&apos;, &apos;11&apos;, &apos;15&apos;, &apos;&apos;, &apos;13&apos;, &apos;15&apos;, &apos;&apos;, &apos;&apos;, &apos;10&apos;, &apos;14&apos;, &apos;2&apos;, &apos;7&apos;, &apos;11&apos;, &apos;14&apos;, &apos;2&apos;, &apos;18&apos;, &apos;&apos;, &apos;6&apos;, &apos;18&apos;, &apos;&apos;, &apos;0&apos;, &apos;&apos;, &apos;12&apos;, &apos;15&apos;, &apos;14&apos;)</code>
    <domain>MATH</domain>
  </initializationCode>
</VariableDeclaration><VariableDeclaration id="211">
  <name>l_third_recursive_call_question_3</name>
  <initializationCode id="212">
    <code>getFromList([var=index_question_3],[var=ls_third_recursive_call_question_3])</code>
    <domain>MATH</domain>
  </initializationCode>
</VariableDeclaration><VariableDeclaration id="213">
  <name>rs_third_recursive_call_question_3</name>
  <initializationCode id="214">
    <code>list(&apos;19&apos;, &apos;11&apos;, &apos;16&apos;, &apos;&apos;, &apos;13&apos;, &apos;16&apos;, &apos;&apos;, &apos;&apos;, &apos;10&apos;, &apos;14&apos;, &apos;2&apos;, &apos;8&apos;, &apos;12&apos;, &apos;15&apos;, &apos;3&apos;, &apos;19&apos;, &apos;&apos;, &apos;7&apos;, &apos;19&apos;, &apos;&apos;, &apos;0&apos;, &apos;&apos;, &apos;12&apos;, &apos;16&apos;, &apos;15&apos;)</code>
    <domain>MATH</domain>
  </initializationCode>
</VariableDeclaration><VariableDeclaration id="215">
  <name>r_third_recursive_call_question_3</name>
  <initializationCode id="216">
    <code>getFromList([var=index_question_3],[var=rs_third_recursive_call_question_3])</code>
    <domain>MATH</domain>
  </initializationCode>
</VariableDeclaration><VariableDeclaration id="217">
  <name>index_question_4</name>
  <initializationCode id="218">
    <code>randomIntegerBetween(0, 25)</code>
    <domain>MATH</domain>
  </initializationCode>
</VariableDeclaration><VariableDeclaration id="219">
  <name>arrays_question_4</name>
  <initializationCode id="220">
    <code>list(&apos;[3, 5, 18, 26, 32, 34, 35, 38, 41, 46]&apos;, &apos;[7, 8, 12, 13, 23, 24, 30, 32, 40, 42, 49]&apos;, &apos;[1, 3, 7, 21, 23, 26, 29, 42, 45, 46, 49]&apos;, &apos;[5, 6, 9, 14, 15, 16, 20, 21, 22, 33, 37, 40, 45, 46]&apos;, &apos;[11, 13, 19, 22, 23, 27, 31, 35, 38, 41, 47]&apos;, &apos;[1, 3, 5, 11, 14, 20, 22, 26, 38, 39, 44, 46, 47, 48, 49]&apos;, &apos;[1, 3, 4, 5, 8, 14, 20, 26, 28, 34, 41, 42, 43, 46]&apos;, &apos;[3, 6, 7, 8, 13, 15, 19, 20, 21, 22, 25, 28, 35, 40, 43]&apos;, &apos;[1, 2, 10, 15, 19, 26, 30, 33, 39, 45, 46]&apos;, &apos;[1, 10, 18, 19, 24, 25, 30, 40, 45, 47]&apos;, &apos;[1, 5, 6, 7, 14, 24, 28, 32, 33, 35, 36, 37, 43, 47]&apos;, &apos;[1, 3, 9, 11, 12, 17, 18, 20, 22, 23, 26, 28, 35, 39, 40]&apos;, &apos;[5, 6, 10, 15, 17, 24, 26, 30, 32, 33, 39, 40, 49]&apos;, &apos;[1, 12, 17, 19, 20, 22, 23, 26, 31, 32]&apos;, &apos;[3, 10, 12, 15, 16, 21, 26, 28, 31, 35, 44, 45, 48, 49]&apos;, &apos;[4, 5, 8, 9, 15, 21, 26, 30, 32, 38, 40, 44]&apos;, &apos;[1, 13, 23, 26, 27, 34, 35, 40, 45, 48, 49]&apos;, &apos;[4, 5, 6, 8, 9, 11, 30, 32, 33, 36, 41, 43, 48]&apos;, &apos;[1, 7, 9, 13, 16, 22, 26, 27, 32, 36, 43]&apos;, &apos;[1, 7, 9, 12, 16, 18, 20, 26, 30, 33, 34]&apos;, &apos;[4, 5, 7, 10, 12, 17, 20, 24, 31, 33, 41, 43, 45, 46]&apos;, &apos;[10, 11, 19, 34, 36, 40, 43, 44, 45, 46]&apos;, &apos;[4, 5, 6, 13, 14, 16, 30, 33, 38, 39, 43, 48, 49]&apos;, &apos;[2, 4, 10, 14, 16, 17, 23, 25, 27, 32, 35, 36, 40, 47]&apos;, &apos;[2, 9, 11, 14, 15, 27, 31, 33, 36, 39, 41, 46]&apos;)</code>
    <domain>MATH</domain>
  </initializationCode>
</VariableDeclaration><VariableDeclaration id="221">
  <name>array_question_4</name>
  <initializationCode id="222">
    <code>getFromList([var=index_question_4],[var=arrays_question_4])</code>
    <domain>MATH</domain>
  </initializationCode>
</VariableDeclaration><VariableDeclaration id="223">
  <name>ks_question_4</name>
  <initializationCode id="224">
    <code>list(&apos;46&apos;, &apos;12&apos;, &apos;46&apos;, &apos;16&apos;, &apos;19&apos;, &apos;14&apos;, &apos;14&apos;, &apos;8&apos;, &apos;15&apos;, &apos;30&apos;, &apos;37&apos;, &apos;3&apos;, &apos;33&apos;, &apos;17&apos;, &apos;3&apos;, &apos;32&apos;, &apos;13&apos;, &apos;9&apos;, &apos;16&apos;, &apos;1&apos;, &apos;43&apos;, &apos;45&apos;, &apos;43&apos;, &apos;17&apos;, &apos;31&apos;)</code>
    <domain>MATH</domain>
  </initializationCode>
</VariableDeclaration><VariableDeclaration id="225">
  <name>k_question_4</name>
  <initializationCode id="226">
    <code>getFromList([var=index_question_4],[var=ks_question_4])</code>
    <domain>MATH</domain>
  </initializationCode>
</VariableDeclaration><VariableDeclaration id="227">
  <name>ls_initial_call_question_4</name>
  <initializationCode id="228">
    <code>list(&apos;0&apos;, &apos;0&apos;, &apos;0&apos;, &apos;0&apos;, &apos;0&apos;, &apos;0&apos;, &apos;0&apos;, &apos;0&apos;, &apos;0&apos;, &apos;0&apos;, &apos;0&apos;, &apos;0&apos;, &apos;0&apos;, &apos;0&apos;, &apos;0&apos;, &apos;0&apos;, &apos;0&apos;, &apos;0&apos;, &apos;0&apos;, &apos;0&apos;, &apos;0&apos;, &apos;0&apos;, &apos;0&apos;, &apos;0&apos;, &apos;0&apos;)</code>
    <domain>MATH</domain>
  </initializationCode>
</VariableDeclaration><VariableDeclaration id="229">
  <name>l_initial_call_question_4</name>
  <initializationCode id="230">
    <code>getFromList([var=index_question_4],[var=ls_initial_call_question_4])</code>
    <domain>MATH</domain>
  </initializationCode>
</VariableDeclaration><VariableDeclaration id="231">
  <name>rs_initial_call_question_4</name>
  <initializationCode id="232">
    <code>list(&apos;9&apos;, &apos;10&apos;, &apos;10&apos;, &apos;13&apos;, &apos;10&apos;, &apos;14&apos;, &apos;13&apos;, &apos;14&apos;, &apos;10&apos;, &apos;9&apos;, &apos;13&apos;, &apos;14&apos;, &apos;12&apos;, &apos;9&apos;, &apos;13&apos;, &apos;11&apos;, &apos;10&apos;, &apos;12&apos;, &apos;10&apos;, &apos;10&apos;, &apos;13&apos;, &apos;9&apos;, &apos;12&apos;, &apos;13&apos;, &apos;11&apos;)</code>
    <domain>MATH</domain>
  </initializationCode>
</VariableDeclaration><VariableDeclaration id="233">
  <name>r_initial_call_question_4</name>
  <initializationCode id="234">
    <code>getFromList([var=index_question_4],[var=rs_initial_call_question_4])</code>
    <domain>MATH</domain>
  </initializationCode>
</VariableDeclaration><VariableDeclaration id="235">
  <name>ls_first_recursive_call_question_4</name>
  <initializationCode id="236">
    <code>list(&apos;5&apos;, &apos;0&apos;, &apos;6&apos;, &apos;0&apos;, &apos;0&apos;, &apos;0&apos;, &apos;0&apos;, &apos;0&apos;, &apos;0&apos;, &apos;5&apos;, &apos;7&apos;, &apos;0&apos;, &apos;7&apos;, &apos;0&apos;, &apos;0&apos;, &apos;6&apos;, &apos;0&apos;, &apos;0&apos;, &apos;0&apos;, &apos;0&apos;, &apos;7&apos;, &apos;5&apos;, &apos;7&apos;, &apos;0&apos;, &apos;6&apos;)</code>
    <domain>MATH</domain>
  </initializationCode>
</VariableDeclaration><VariableDeclaration id="237">
  <name>l_first_recursive_call_question_4</name>
  <initializationCode id="238">
    <code>getFromList([var=index_question_4],[var=ls_first_recursive_call_question_4])</code>
    <domain>MATH</domain>
  </initializationCode>
</VariableDeclaration><VariableDeclaration id="239">
  <name>rs_first_recursive_call_question_4</name>
  <initializationCode id="240">
    <code>list(&apos;9&apos;, &apos;4&apos;, &apos;10&apos;, &apos;5&apos;, &apos;4&apos;, &apos;6&apos;, &apos;5&apos;, &apos;6&apos;, &apos;4&apos;, &apos;9&apos;, &apos;13&apos;, &apos;6&apos;, &apos;12&apos;, &apos;3&apos;, &apos;5&apos;, &apos;11&apos;, &apos;4&apos;, &apos;5&apos;, &apos;4&apos;, &apos;4&apos;, &apos;13&apos;, &apos;9&apos;, &apos;12&apos;, &apos;5&apos;, &apos;11&apos;)</code>
    <domain>MATH</domain>
  </initializationCode>
</VariableDeclaration><VariableDeclaration id="241">
  <name>r_first_recursive_call_question_4</name>
  <initializationCode id="242">
    <code>getFromList([var=index_question_4],[var=rs_first_recursive_call_question_4])</code>
    <domain>MATH</domain>
  </initializationCode>
</VariableDeclaration><VariableDeclaration id="243">
  <name>ls_second_recursive_call_question_4</name>
  <initializationCode id="244">
    <code>list(&apos;8&apos;, &apos;&apos;, &apos;9&apos;, &apos;3&apos;, &apos;&apos;, &apos;4&apos;, &apos;3&apos;, &apos;&apos;, &apos;3&apos;, &apos;5&apos;, &apos;11&apos;, &apos;0&apos;, &apos;&apos;, &apos;2&apos;, &apos;0&apos;, &apos;&apos;, &apos;0&apos;, &apos;3&apos;, &apos;3&apos;, &apos;0&apos;, &apos;11&apos;, &apos;8&apos;, &apos;10&apos;, &apos;3&apos;, &apos;6&apos;)</code>
    <domain>MATH</domain>
  </initializationCode>
</VariableDeclaration><VariableDeclaration id="245">
  <name>l_second_recursive_call_question_4</name>
  <initializationCode id="246">
    <code>getFromList([var=index_question_4],[var=ls_second_recursive_call_question_4])</code>
    <domain>MATH</domain>
  </initializationCode>
</VariableDeclaration><VariableDeclaration id="247">
  <name>rs_second_recursive_call_question_4</name>
  <initializationCode id="248">
    <code>list(&apos;9&apos;, &apos;&apos;, &apos;10&apos;, &apos;5&apos;, &apos;&apos;, &apos;6&apos;, &apos;5&apos;, &apos;&apos;, &apos;4&apos;, &apos;6&apos;, &apos;13&apos;, &apos;2&apos;, &apos;&apos;, &apos;3&apos;, &apos;1&apos;, &apos;&apos;, &apos;1&apos;, &apos;5&apos;, &apos;4&apos;, &apos;1&apos;, &apos;13&apos;, &apos;9&apos;, &apos;12&apos;, &apos;5&apos;, &apos;7&apos;)</code>
    <domain>MATH</domain>
  </initializationCode>
</VariableDeclaration><VariableDeclaration id="249">
  <name>r_second_recursive_call_question_4</name>
  <initializationCode id="250">
    <code>getFromList([var=index_question_4],[var=rs_second_recursive_call_question_4])</code>
    <domain>MATH</domain>
  </initializationCode>
</VariableDeclaration><VariableDeclaration id="251">
  <name>ls_third_recursive_call_question_4</name>
  <initializationCode id="252">
    <code>list(&apos;9&apos;, &apos;&apos;, &apos;&apos;, &apos;5&apos;, &apos;&apos;, &apos;4&apos;, &apos;5&apos;, &apos;&apos;, &apos;&apos;, &apos;6&apos;, &apos;11&apos;, &apos;&apos;, &apos;&apos;, &apos;&apos;, &apos;&apos;, &apos;&apos;, &apos;1&apos;, &apos;&apos;, &apos;4&apos;, &apos;&apos;, &apos;11&apos;, &apos;&apos;, &apos;10&apos;, &apos;5&apos;, &apos;&apos;)</code>
    <domain>MATH</domain>
  </initializationCode>
</VariableDeclaration><VariableDeclaration id="253">
  <name>l_third_recursive_call_question_4</name>
  <initializationCode id="254">
    <code>getFromList([var=index_question_4],[var=ls_third_recursive_call_question_4])</code>
    <domain>MATH</domain>
  </initializationCode>
</VariableDeclaration><VariableDeclaration id="255">
  <name>rs_third_recursive_call_question_4</name>
  <initializationCode id="256">
    <code>list(&apos;9&apos;, &apos;&apos;, &apos;&apos;, &apos;5&apos;, &apos;&apos;, &apos;4&apos;, &apos;5&apos;, &apos;&apos;, &apos;&apos;, &apos;6&apos;, &apos;11&apos;, &apos;&apos;, &apos;&apos;, &apos;&apos;, &apos;&apos;, &apos;&apos;, &apos;1&apos;, &apos;&apos;, &apos;4&apos;, &apos;&apos;, &apos;11&apos;, &apos;&apos;, &apos;10&apos;, &apos;5&apos;, &apos;&apos;)</code>
    <domain>MATH</domain>
  </initializationCode>
</VariableDeclaration><VariableDeclaration id="257">
  <name>r_third_recursive_call_question_4</name>
  <initializationCode id="258">
    <code>getFromList([var=index_question_4],[var=rs_third_recursive_call_question_4])</code>
    <domain>MATH</domain>
  </initializationCode>
</VariableDeclaration><VariableDeclaration id="259">
  <name>initial_solutions_question_4</name>
  <initializationCode id="260">
    <code>list(&apos;1. l = 0, r = 9&apos;, &apos;1. l = 0, r = 10&apos;, &apos;1. l = 0, r = 10&apos;, &apos;1. l = 0, r = 13&apos;, &apos;1. l = 0, r = 10&apos;, &apos;1. l = 0, r = 14&apos;, &apos;1. l = 0, r = 13&apos;, &apos;1. l = 0, r = 14&apos;, &apos;1. l = 0, r = 10&apos;, &apos;1. l = 0, r = 9&apos;, &apos;1. l = 0, r = 13&apos;, &apos;1. l = 0, r = 14&apos;, &apos;1. l = 0, r = 12&apos;, &apos;1. l = 0, r = 9&apos;, &apos;1. l = 0, r = 13&apos;, &apos;1. l = 0, r = 11&apos;, &apos;1. l = 0, r = 10&apos;, &apos;1. l = 0, r = 12&apos;, &apos;1. l = 0, r = 10&apos;, &apos;1. l = 0, r = 10&apos;, &apos;1. l = 0, r = 13&apos;, &apos;1. l = 0, r = 9&apos;, &apos;1. l = 0, r = 12&apos;, &apos;1. l = 0, r = 13&apos;, &apos;1. l = 0, r = 11&apos;)</code>
    <domain>MATH</domain>
  </initializationCode>
</VariableDeclaration><VariableDeclaration id="261">
  <name>initial_solution_question_4</name>
  <initializationCode id="262">
    <code>getFromList([var=index_question_4],[var=initial_solutions_question_4])</code>
    <domain>MATH</domain>
  </initializationCode>
</VariableDeclaration><VariableDeclaration id="263">
  <name>first_solutions_question_4</name>
  <initializationCode id="264">
    <code>list(&apos;2. l = 5, r = 9&apos;, &apos;2. l = 0, r = 4&apos;, &apos;2. l = 6, r = 10&apos;, &apos;2. l = 0, r = 5&apos;, &apos;2. l = 0, r = 4&apos;, &apos;2. l = 0, r = 6&apos;, &apos;2. l = 0, r = 5&apos;, &apos;2. l = 0, r = 6&apos;, &apos;2. l = 0, r = 4&apos;, &apos;2. l = 5, r = 9&apos;, &apos;2. l = 7, r = 13&apos;, &apos;2. l = 0, r = 6&apos;, &apos;2. l = 7, r = 12&apos;, &apos;2. l = 0, r = 3&apos;, &apos;2. l = 0, r = 5&apos;, &apos;2. l = 6, r = 11&apos;, &apos;2. l = 0, r = 4&apos;, &apos;2. l = 0, r = 5&apos;, &apos;2. l = 0, r = 4&apos;, &apos;2. l = 0, r = 4&apos;, &apos;2. l = 7, r = 13&apos;, &apos;2. l = 5, r = 9&apos;, &apos;2. l = 7, r = 12&apos;, &apos;2. l = 0, r = 5&apos;, &apos;2. l = 6, r = 11&apos;)</code>
    <domain>MATH</domain>
  </initializationCode>
</VariableDeclaration><VariableDeclaration id="265">
  <name>first_solution_question_4</name>
  <initializationCode id="266">
    <code>getFromList([var=index_question_4],[var=first_solutions_question_4])</code>
    <domain>MATH</domain>
  </initializationCode>
</VariableDeclaration><VariableDeclaration id="267">
  <name>second_solutions_question_4</name>
  <initializationCode id="268">
    <code>list(&apos;3. l = 8, r = 9&apos;, &apos;&apos;, &apos;3. l = 9, r = 10&apos;, &apos;3. l = 3, r = 5&apos;, &apos;&apos;, &apos;3. l = 4, r = 6&apos;, &apos;3. l = 3, r = 5&apos;, &apos;&apos;, &apos;3. l = 3, r = 4&apos;, &apos;3. l = 5, r = 6&apos;, &apos;3. l = 11, r = 13&apos;, &apos;3. l = 0, r = 2&apos;, &apos;&apos;, &apos;3. l = 2, r = 3&apos;, &apos;3. l = 0, r = 1&apos;, &apos;&apos;, &apos;3. l = 0, r = 1&apos;, &apos;3. l = 3, r = 5&apos;, &apos;3. l = 3, r = 4&apos;, &apos;3. l = 0, r = 1&apos;, &apos;3. l = 11, r = 13&apos;, &apos;3. l = 8, r = 9&apos;, &apos;3. l = 10, r = 12&apos;, &apos;3. l = 3, r = 5&apos;, &apos;3. l = 6, r = 7&apos;)</code>
    <domain>MATH</domain>
  </initializationCode>
</VariableDeclaration><VariableDeclaration id="269">
  <name>second_solution_question_4</name>
  <initializationCode id="270">
    <code>getFromList([var=index_question_4],[var=second_solutions_question_4])</code>
    <domain>MATH</domain>
  </initializationCode>
</VariableDeclaration><VariableDeclaration id="271">
  <name>third_solutions_question_4</name>
  <initializationCode id="272">
    <code>list(&apos;4. l = 9, r = 9&apos;, &apos;&apos;, &apos;&apos;, &apos;4. l = 5, r = 5&apos;, &apos;&apos;, &apos;4. l = 4, r = 4&apos;, &apos;4. l = 5, r = 5&apos;, &apos;&apos;, &apos;&apos;, &apos;4. l = 6, r = 6&apos;, &apos;4. l = 11, r = 11&apos;, &apos;&apos;, &apos;&apos;, &apos;&apos;, &apos;&apos;, &apos;&apos;, &apos;4. l = 1, r = 1&apos;, &apos;&apos;, &apos;4. l = 4, r = 4&apos;, &apos;&apos;, &apos;4. l = 11, r = 11&apos;, &apos;&apos;, &apos;4. l = 10, r = 10&apos;, &apos;4. l = 5, r = 5&apos;, &apos;&apos;)</code>
    <domain>MATH</domain>
  </initializationCode>
</VariableDeclaration><VariableDeclaration id="273">
  <name>third_solution_question_4</name>
  <initializationCode id="274">
    <code>getFromList([var=index_question_4],[var=third_solutions_question_4])</code>
    <domain>MATH</domain>
  </initializationCode>
</VariableDeclaration></variableDeclarations>
  <jSXGraphs id="275" />
  <dynamicMolecules id="276" />
  <resultFeedbackMappings id="277" />
</Exercise>